Student_ID,Name,Predicted,Dropout_Prob_%,Enrolled_Prob_%,Graduate_Prob_%,Risk_Level,Actual
CS2024005,Vikram Singh,Dropout,79.0,20.0,1.0,High,Dropout
CS2024009,Karthik Nair,Dropout,78.5,21.0,0.5,High,Dropout
CS2024013,Sanjay Gupta,Dropout,78.0,21.0,1.0,High,Dropout
CS2024019,Mohit Jain,Dropout,75.0,24.0,1.0,High,Dropout
CS2024015,Nikhil Agarwal,Dropout,74.5,23.5,2.0,High,Dropout
CS2024002,Priya Patel,Dropout,72.5,25.5,2.0,High,Dropout
CS2024011,Aditya Rao,Enrolled,38.1,51.5,10.5,Medium,Enrolled
CS2024017,Deepak Yadav,Enrolled,33.8,52.9,13.4,Medium,Enrolled
CS2024007,Rohit Verma,Enrolled,26.6,55.6,17.8,Low,Enrolled
CS2024014,Pooja Joshi,Graduate,25.5,23.0,51.5,Low,Graduate
CS2024006,Anita Desai,Graduate,24.5,22.5,53.0,Low,Graduate
CS2024016,Swati Mishra,Graduate,21.2,18.2,60.5,Low,Graduate
CS2024003,Rahul Kumar,Graduate,18.0,35.4,46.6,Low,Enrolled
CS2024012,Kavya Pillai,Graduate,12.8,31.0,56.2,Low,Graduate
CS2024020,Neha Singh,Graduate,12.8,32.0,55.2,Low,Graduate
CS2024008,Meera Iyer,Graduate,12.8,28.0,59.2,Low,Graduate
CS2024004,Sneha Reddy,Graduate,11.0,2.5,86.5,Low,Graduate
CS2024010,Divya Menon,Graduate,10.0,2.5,87.5,Low,Graduate
CS2024018,Riya Shah,Graduate,8.5,2.5,89.0,Low,Graduate
CS2024001,Arjun Sharma,Graduate,5.0,4.5,90.5,Low,Graduate
