Target,Predicted,Confidence_Dropout,Confidence_Enrolled,Confidence_Graduate,Dropout_Risk
Graduate,Graduate,0.04625,0.031225490196078433,0.9225245098039216,0
Graduate,Enrolled,0.11703989586936112,0.5605698614387324,0.3223902426919065,0
Dropout,Dropout,0.79,0.205,0.005,1
Graduate,Graduate,0.036145833333333335,0.045,0.9188541666666665,0
Enrolled,Enrolled,0.35002722882377163,0.5994886825862235,0.05048408859000474,0
Dropout,Dropout,0.87,0.13,0.0,1
Graduate,Graduate,0.095,0.015,0.89,0
Graduate,Graduate,0.11806089743589744,0.4182425213675214,0.4636965811965812,0
Dropout,Dropout,0.89,0.11,0.0,1
Enrolled,Enrolled,0.36127204537693075,0.5443086361645519,0.09441931845851714,0
Graduate,Graduate,0.115,0.015,0.87,0
Dropout,Dropout,0.87,0.13,0.0,1
Graduate,Graduate,0.026937499999999996,0.03,0.9430624999999999,0
Enrolled,Enrolled,0.4275156897797227,0.5566397131946865,0.01584459702559077,0
Dropout,Dropout,0.905,0.095,0.0,1
Graduate,Graduate,0.033,0.03,0.937,0
Enrolled,Enrolled,0.35568636469328596,0.581529143640725,0.06278449166598882,0
Graduate,Graduate,0.12,0.015,0.865,0
Dropout,Dropout,0.83,0.17,0.0,1
Graduate,Graduate,0.0319375,0.09110294117647058,0.8769595588235294,0
Enrolled,Graduate,0.13306089743589744,0.39824252136752136,0.4686965811965812,0
