Marital status;Application mode;Application order;Course;Daytime/evening attendance	;Previous qualification;Previous qualification (grade);Nacionality;Mother's qualification;Father's qualification;Mother's occupation;Father's occupation;Admission grade;Displaced;Educational special needs;Debtor;Tuition fees up to date;Gender;Scholarship holder;Age at enrollment;International;Curricular units 1st sem (credited);Curricular units 1st sem (enrolled);Curricular units 1st sem (evaluations);Curricular units 1st sem (approved);Curricular units 1st sem (grade);Curricular units 1st sem (without evaluations);Curricular units 2nd sem (credited);Curricular units 2nd sem (enrolled);Curricular units 2nd sem (evaluations);Curricular units 2nd sem (approved);Curricular units 2nd sem (grade);Curricular units 2nd sem (without evaluations);Unemployment rate;Inflation rate;GDP;Target
1;1;1;9119;1;1;145;1;19;19;5;5;140;1;0;0;1;1;0;19;0;0;6;6;6;15;0;0;6;6;6;14;0;8.5;1.2;2.1;Graduate
1;1;1;9119;1;1;132;1;15;12;7;7;128;1;0;0;1;0;0;20;0;0;6;6;5;12;0;0;6;6;5;11;0;9.1;1.5;1.8;Graduate
1;1;1;9119;1;1;118;1;12;10;9;9;115;1;0;1;0;1;1;21;0;0;6;6;3;9;0;0;6;6;2;8;0;10.2;2.1;1.2;Dropout
1;1;1;9119;1;1;138;1;17;15;4;4;135;1;0;0;1;0;1;18;0;0;6;6;6;14;0;0;6;6;6;13;0;8.8;1.3;2.0;Graduate
1;1;1;9119;1;1;125;1;14;14;8;8;122;1;0;0;1;1;0;22;0;0;6;6;4;11;0;0;6;6;4;10;0;9.5;1.7;1.5;Enrolled
1;1;1;9119;1;1;110;1;10;10;10;10;105;1;0;1;0;0;1;23;0;0;6;6;2;7;0;0;6;6;1;6;0;11.8;2.5;0.9;Dropout
1;1;1;9119;1;1;142;1;18;18;3;3;138;1;0;0;1;1;0;19;0;0;6;6;6;16;0;0;6;6;6;15;0;8.2;1.1;2.3;Graduate
1;1;1;9119;1;1;128;1;13;13;6;6;124;1;0;0;1;0;1;20;0;0;6;6;5;12;0;0;6;6;5;11;0;9.3;1.6;1.7;Graduate
1;1;1;9119;1;1;105;1;8;8;11;11;98;1;0;1;0;1;0;24;0;0;6;6;1;6;0;0;6;6;0;5;0;12.5;2.8;0.7;Dropout
1;1;1;9119;1;1;130;1;16;14;5;5;126;1;0;0;1;0;0;21;0;0;6;6;5;13;0;0;6;6;4;10;0;9.8;1.8;1.6;Enrolled
1;1;1;9119;1;1;150;1;20;19;2;2;148;1;0;0;1;1;0;18;0;0;6;6;6;17;0;0;6;6;6;16;0;7.9;1.0;2.5;Graduate
1;1;1;9119;1;1;115;1;11;11;9;9;112;1;0;1;0;0;1;22;0;0;6;6;2;8;0;0;6;6;1;7;0;10.8;2.2;1.1;Dropout
1;1;1;9119;1;1;136;1;17;16;4;4;132;1;0;0;1;1;1;19;0;0;6;6;6;14;0;0;6;6;6;13;0;8.6;1.2;2.2;Graduate
1;1;1;9119;1;1;120;1;12;11;7;7;118;1;0;0;1;0;0;21;0;0;6;6;4;10;0;0;6;6;3;9;0;9.7;1.9;1.4;Enrolled
1;1;1;9119;1;1;108;1;9;9;10;10;102;1;0;1;0;1;0;23;0;0;6;6;1;7;0;0;6;6;0;5;0;12.1;2.6;0.8;Dropout
1;1;1;9119;1;1;140;1;18;17;3;3;136;1;0;0;1;0;1;20;0;0;6;6;6;15;0;0;6;6;6;14;0;8.3;1.2;2.1;Graduate
1;1;1;9119;1;1;122;1;13;12;6;6;120;1;0;0;1;1;0;22;0;0;6;6;4;11;0;0;6;6;4;10;0;9.4;1.7;1.6;Enrolled
1;1;1;9119;1;1;148;1;19;18;2;2;144;1;0;0;1;0;0;18;0;0;6;6;6;16;0;0;6;6;6;15;0;8.1;1.1;2.4;Graduate
1;1;1;9119;1;1;112;1;10;10;8;8;110;1;0;1;0;1;1;24;0;0;6;6;2;8;0;0;6;6;1;6;0;11.2;2.3;1.0;Dropout
1;1;1;9119;1;1;134;1;16;15;5;5;130;1;0;0;1;1;0;19;0;0;6;6;6;14;0;0;6;6;6;13;0;8.7;1.3;2.0;Graduate
1;1;1;9119;1;1;126;1;14;13;7;7;123;1;0;0;1;0;1;21;0;0;6;6;5;12;0;0;6;6;5;11;0;9.6;1.8;1.7;Enrolled